{"cameraMode":{"drawMode":0,"name":"Shaded","section":"Shading Mode"},"sceneLighting":false,"audioPlay":false,"sceneViewState":{"showFog":false,"showMaterialUpdate":true,"showSkybox":false,"showFlares":false,"showImageEffects":false,"showParticleSystems":true},"in2DMode":false,"pivot":{"x":0.1706729382276535,"y":1.4694592952728272,"z":0.45876264572143557},"rotation":{"x":0.003667903831228614,"y":-0.9957801103591919,"z":-0.07933174073696137,"w":-0.04604160413146019},"size":2.5956456661224367,"orthographic":false}