{"cameraMode":{"drawMode":0,"name":"Shaded","section":"Shading Mode"},"sceneLighting":true,"audioPlay":false,"sceneViewState":{"showFog":false,"showMaterialUpdate":false,"showSkybox":false,"showFlares":false,"showImageEffects":false,"showParticleSystems":false},"in2DMode":false,"pivot":{"x":-12.370862007141114,"y":4.602760314941406,"z":1.6929597854614258},"rotation":{"x":0.045964330434799197,"y":0.286579966545105,"z":-0.013766521587967873,"w":0.9568547010421753},"size":16.511255264282228,"orthographic":false}