{"cameraMode":{"drawMode":0,"name":"Shaded","section":"Shading Mode"},"sceneLighting":false,"audioPlay":false,"sceneViewState":{"showFog":false,"showMaterialUpdate":true,"showSkybox":false,"showFlares":false,"showImageEffects":false,"showParticleSystems":true},"in2DMode":false,"pivot":{"x":1.4185534715652466,"y":1.125,"z":0.2714465856552124},"rotation":{"x":0.0007479680352844298,"y":0.9992426037788391,"z":0.029676558449864389,"w":-0.02518533542752266},"size":7.831688404083252,"orthographic":false}