{"cameraMode":{"drawMode":0,"name":"Shaded","section":"Shading Mode"},"sceneLighting":false,"audioPlay":false,"sceneViewState":{"showFog":true,"showMaterialUpdate":true,"showSkybox":false,"showFlares":true,"showImageEffects":true,"showParticleSystems":true},"in2DMode":false,"pivot":{"x":-8.210000038146973,"y":1.9600000381469727,"z":0.0},"rotation":{"x":0.053679853677749637,"y":0.2715126872062683,"z":-0.015168869867920876,"w":0.9608170390129089},"size":3.401561975479126,"orthographic":false}